<?xml version="1.0" encoding="UTF-8"?>
<!DOCTYPE hibernate-configuration PUBLIC "-//Hibernate/Hibernate Configuration DTD 3.0//EN"
                                         "http://www.hibernate.org/dtd/hibernate-configuration-3.0.dtd">
<hibernate-configuration>
	<session-factory>
		<property name="hibernate.connection.driver_class">com.mysql.jdbc.Driver</property>
		<property name="hibernate.connection.password">1234</property>
		<property name="hibernate.connection.url">jdbc:mysql://localhost:3306/shophandmade?useSSL=false</property>
		<property name="hibernate.connection.username">root</property>
		<property name="hibernate.dialect">org.hibernate.dialect.MySQL5Dialect</property>
		<!-- set character encoding -->
		<property name="hibernate.connection.CharSet">utf8</property>
        <property name="hibernate.connection.characterEncoding">utf8</property>
        <property name="hibernate.connection.useUnicode">true</property>
		<mapping class="com.example.demo.entities.Product" />
		<mapping class="com.example.demo.entities.Chitietdonhang" />
		<mapping class="com.example.demo.entities.Comment" />
		<mapping class="com.example.demo.entities.Donhang" />
		<mapping class="com.example.demo.entities.Category" />
		<mapping class="com.example.demo.entities.Account" />
		<mapping class="com.example.demo.entities.Tintuc" />
	</session-factory>
</hibernate-configuration>
