<?xml version="1.0" encoding="UTF-8"?>
<!DOCTYPE hibernate-reverse-engineering PUBLIC "-//Hibernate/Hibernate Reverse Engineering DTD 3.0//EN" "http://hibernate.sourceforge.net/hibernate-reverse-engineering-3.0.dtd" >

<hibernate-reverse-engineering>
  <table-filter match-catalog="shophandmade" match-name="chitietdonhang"/>
  <table-filter match-catalog="shophandmade" match-name="cmt"/>
  <table-filter match-catalog="shophandmade" match-name="confirmation"/>
  <table-filter match-catalog="shophandmade" match-name="donhang"/>
  <table-filter match-catalog="shophandmade" match-name="loaihang"/>
  <table-filter match-catalog="shophandmade" match-name="sanpham"/>
  <table-filter match-catalog="shophandmade" match-name="taikhoan"/>
  <table-filter match-catalog="shophandmade" match-name="tintuc"/>
</hibernate-reverse-engineering>